105.560,OliHawk,France,CarbiXZero,2022/05/01
106.484,BMSThomas,Australia,BMSJS-1,2021/08/15
106.504,BimBadaBoom,France,Five33Switchback,2021/08/10
118.028,クマシャンプ―,UnitedStates,Mode2Ghost,2021/08/08
122.747,Sarah,Netherlands,Five33Switchback,2021/08/12
123.217,DracFPV,Spain,Ossa,2021/08/29
123.317,Lacasito,Spain,Mode2Ghost,2021/09/02
123.625,saft57,Sweden,MadLite,2021/08/10
124.080,PacoTeamCanadaFPV,Canada,Chief,2021/12/29
124.509,OscarNilsson,Sweden,MadLite,2021/08/10
126.151,FPV_DOG,NewZealand,Five33Switchback,2022/07/03
127.191,ChettMac,UnitedStates,SkyXKiller,2021/08/17
128.436,kuatoFPV,NewZealand,CarbiXZero,2021/08/11
129.594,ProDangles,UnitedStates,Five33Switchback,2021/08/07
130.213,SIMSlicefpv,UnitedStates,Five33Switchback,2021/08/18
131.815,KumoKraft,UnitedStates,Five33Switchback,2021/08/06
133.834,MAYHEM,UnitedStates,Five33Switchback,2021/08/18
136.384,Speed_Demon,NewZealand,Five33Switchback,2021/08/09
137.843,iamwud,UnitedKingdom,Five33Switchback,2021/08/11
140.116,Uirou3,Japan,SkyXKiller,2021/08/09
141.382,timbofpv,UnitedStates,Five33Switchback,2021/08/19
143.250,BonerFpv,Netherlands,Ossa,2021/08/10
144.292,Pino,UnitedStates,Five33Switchback,2022/01/07
144.441,LukeS,Germany,Five33Switchback,2021/08/06
144.699,Darksilver,Canada,Five33Switchback,2021/08/08
144.960,Brookeet,Poland,Five33Switchback,2021/08/16
147.344,Mayan_Hawk,UnitedStates,Five33Switchback,2021/08/12
147.616,MX_BIGRAMON,Germany,Five33Switchback,2021/08/16
149.876,mv,Estonia,TBSSpec,2021/08/11
149.930,OrigDragon,UnitedStates,Five33Switchback,2021/08/06
150.978,nossiFILMS,UnitedStates,Five33Switchback,2021/08/14
153.023,DAFFPV,Sweden,Five33Switchback,2021/08/05
155.508,aiyakim,HongKong,Five33Switchback,2021/08/19
155.556,intent2bhuman,UnitedStates,Five33Switchback,2021/08/14
156.562,BatmanFPV,UnitedKingdom,TBSSpec,2021/08/06
156.664,CY1314,China,Five33Switchback,2021/08/19
158.214,OGdrLove,UnitedStates,CarbiXZero,2021/09/29
158.225,ETERNAL☆GOODVIBES,UnitedKingdom,Five33Switchback,2021/08/05
158.560,Barnyard,UnitedStates,Five33Switchback,2021/08/11
158.704,Qan313,Belgium,Five33Switchback,2021/08/08
158.939,NelsonFpv,Ireland,Five33Switchback,2021/08/06
159.094,SzeryfxD,Poland,TBSSpec,2021/08/08
160.500,Proximo,UnitedKingdom,Five33Switchback,2021/12/11
160.919,MrT,Argentina,TBSSpec,2021/08/17
161.974,Brombeer,Netherlands,Five33Switchback,2021/08/06
164.996,Shuttleee,Sweden,Five33Switchback,2021/08/10
165.979,Gafannen,Slovakia,Five33Switchback,2021/08/11
166.518,bonfpv,HongKong,Five33Switchback,2022/04/08
166.666,frteskesc,Germany,Five33Switchback,2021/08/06
167.577,cdub426,UnitedStates,Five33Switchback,2021/08/12
169.054,stogie,UnitedStates,Five33Switchback,2021/12/23
169.140,MorbidFPV,UnitedStates,Five33Switchback,2021/08/10
170.579,TMAD,UnitedStates,Five33Switchback,2021/08/17
170.744,CerbAirus,Germany,Five33Switchback,2021/08/08
170.825,DrChabFPVQE,Canada,TwigXL3,2021/12/29
171.729,fpvsensei,UnitedStates,Ossa,2021/08/08
171.988,farmlifefpv,SouthAfrica,Five33Switchback,2022/05/19
172.563,Smurf47akaUlrik,Denmark,TBSSpec,2021/08/10
174.434,RipDaLip,Germany,Five33Switchback,2021/08/11
174.882,DeMoNse3d,Mexico,TBSSpec,2021/08/09
175.968,SubToJBoxFPV,UnitedStates,CarbiXZero,2021/08/05
176.860,Blearghach,Lithuania,Five33Switchback,2022/03/03
179.798,turo,UnitedStates,Mode2Ghost,2021/08/07
179.998,kostyastrong,RussianFederation,Mode2Ghost,2021/08/09
181.315,yrrbay,UnitedKingdom,Five33Switchback,2021/08/16
182.376,ChainsawFPV,UnitedStates,Five33Switchback,2021/08/05
182.704,Saqoosha,Japan,TBSSpec,2021/08/06
183.045,Ahsdog12,UnitedStates,NeatoFastback,2021/08/17
183.198,Siso,Brazil,CarbiXZero,2021/08/08
183.801,ImaStratman,UnitedStates,TwigXL3,2021/08/06
186.862,Musilex,Brazil,Chief,2022/01/29
187.322,YuriDeFuryToo,UnitedStates,Five33Switchback,2021/08/13
188.711,BroSoulblade,UnitedStates,Five33Switchback,2022/03/01
189.117,Dew,Poland,CarbiXZero,2021/08/06
190.963,APXGEE,UnitedKingdom,Five33Switchback,2021/08/06
191.187,slick_fpv,UnitedStates,Five33Switchback,2021/08/10
192.534,FPVlC,Unknown,TBSSpec,2021/12/06
192.715,LOSLobo,Hungary,TBSSpec,2021/08/05
194.050,SauerkrautKebap,Germany,Five33Switchback,2021/12/21
194.334,Andrey3gss,RussianFederation,Five33Switchback,2021/11/17
194.750,atnosredna,UnitedStates,Five33Switchback,2022/03/23
194.981,GarnChef,Germany,Five33Switchback,2021/08/17
197.336,j4y,UnitedStates,CarbiXZero,2021/08/07
197.563,TriBull,UnitedKingdom,TBSSpec,2021/08/06
200.412,StonxiiFPV,Australia,LilBastard,2021/12/15
200.616,rik,UnitedStates,Five33Switchback,2021/08/19
201.105,DmytroAvdosiev,Ukraine,Strix,2022/03/21
201.168,AlexeyStn_Overpass,RussianFederation,Five33Switchback,2021/11/17
202.028,Bumba,Switzerland,HX115,2022/05/18
202.826,RIVALSbigspeed,UnitedStates,Five33Switchback,2021/08/06
202.835,JWWFPV,UnitedStates,Five33Switchback,2021/08/05
204.162,JR138,UnitedStates,Five33Switchback,2022/01/19
204.360,SashPRO,Ukraine,Five33Switchback,2021/08/13
205.118,ThirdEyeFPV,Australia,Five33Switchback,2021/08/08
205.292,JR,Sweden,TBSSpec,2021/08/19
205.845,Frequency_Fpv,UnitedStates,LethalConception,2021/08/06
206.235,gMan3,UnitedStates,Five33Switchback,2021/08/17
207.616,JonasBackman,Sweden,DiatoneGTB339,2022/04/15
207.773,Stizzle,Germany,LilBastard,2021/08/06
209.296,MaxMarvelous,UnitedStates,Five33Switchback,2021/08/15
215.050,805,Netherlands,Five33Switchback,2021/08/16
215.324,MLDRAyyyKayyy,UnitedStates,Ossa,2021/08/16
215.330,eedok,Canada,Mode2Ghost,2021/08/09
215.525,Ggsvsh,China,LethalConception,2021/09/04
216.361,brat,RussianFederation,PantherMM,2021/09/26
217.672,Falke_PV,Germany,Five33Switchback,2021/08/08
217.761,RAMFPV,Australia,NeatoFastback,2021/08/17
217.766,Simaland013,UnitedKingdom,Mode2Ghost,2021/11/11
217.868,奇特的人,UnitedKingdom,Five33Switchback,2022/05/19
218.713,REZolution,UnitedStates,Five33Switchback,2021/08/14
219.603,TEKFPV,NewZealand,Five33Switchback,2022/06/04
219.635,thestorm,Belgium,Five33Switchback,2021/12/11
221.354,Trax,UnitedStates,Yakuza,2022/05/05
222.015,NoahLikeTheArk,UnitedStates,Five33Switchback,2021/08/10
223.157,MichaelK,UnitedStates,Five33Switchback,2021/08/16
223.833,ROBO__FPV,Poland,TBSSpec,2021/08/08
225.649,Owl77,RussianFederation,TBSSpec,2021/11/17
225.887,RoflcopterStL,UnitedStates,Five33Switchback,2021/11/09
226.448,CutnLines,Australia,Five33Switchback,2021/08/06
227.368,RaZm0,France,Five33Switchback,2022/02/08
227.584,riscorix,Spain,LethalConception,2022/02/02
229.819,teem,Poland,Yakuza,2022/03/30
230.116,VitalyMi85,RussianFederation,Five33Switchback,2022/04/18
231.756,IAmSanticus,UnitedStates,Five33Switchback,2021/12/16
232.671,IBKING,UnitedStates,BMSJS-1,2021/08/06
235.534,CrowbarFPV,Belgium,Five33Switchback,2021/08/09
235.927,piaosn,China,Five33Switchback,2021/10/14
236.220,=AJ=,Germany,Ossa,2021/08/17
236.861,RoarFPV,UnitedStates,Five33Switchback,2021/08/08
237.060,NotSure,UnitedStates,TBSSpec,2021/08/15
237.260,WeeTeeCeeDee,UnitedKingdom,TBSSpec,2021/08/11
237.756,CptSumTingWong,Germany,TBSOblivion,2021/09/16
238.882,=sKs=FPV,UnitedStates,Five33SwitchbackExp,2021/12/11
239.889,weaser42,UnitedStates,Five33Switchback,2022/02/17
240.275,Nas,Belgium,Five33Switchback,2022/03/05
240.368,BMSweb,Australia,BMSJS-1,2021/08/17
241.532,FlyingFoxFPV,UnitedKingdom,Five33Switchback,2022/05/18
242.039,DaveoFPV,UnitedStates,TBSSpec,2022/01/02
243.166,krists,Latvia,Five33Switchback,2021/08/10
243.190,bowen5582,UnitedStates,HX115,2021/12/21
243.299,FEATHERSFPV,UnitedKingdom,Five33Switchback,2021/08/05
243.624,MoFPV!,UnitedStates,Five33Switchback,2022/01/28
244.650,TheRedIguana,UnitedStates,Five33Switchback,2022/04/14
246.677,Tesch408,UnitedStates,TBSSpec,2021/08/07
247.232,m1ooo,UnitedStates,Five33Switchback,2021/09/20
248.561,OscarFpv,Spain,Five33Switchback,2021/08/27
248.824,EnerGI,Germany,BMSJS-1,2021/08/16
249.841,Borginson,Poland,Five33Switchback,2021/09/11
250.164,GarFly,UnitedStates,Five33Switchback,2021/12/12
250.407,kazujp,Japan,Five33Switchback,2022/03/30
250.874,pink_kaju,India,TBSSpec,2022/01/10
252.277,UnderTheRadar,Canada,Five33Switchback,2022/03/22
252.654,pablo_pescador22,Spain,ArchAngleBlue,2021/09/22
256.176,Kopter,Unknown,Rooster,2021/09/28
256.663,OhGeez!,UnitedStates,NeatoFastback,2021/08/15
256.891,SwingFPV,UnitedStates,Five33Switchback,2022/04/26
257.827,WHATSNEXT,Netherlands,TwigXL3,2022/06/13
259.960,VelociraptorFoil,UnitedStates,Five33Switchback,2021/12/19
260.765,PBee,UnitedKingdom,Five33Switchback,2021/08/11
262.018,Crashin2416,UnitedStates,TwigXL3,2021/08/05
263.229,tadashiyoshida,Japan,Yakuza,2021/08/09
265.738,jamusXIII,UnitedStates,LilBastard,2021/09/18
266.379,ANONOMOUSFPV,UnitedStates,Five33Switchback,2021/08/06
268.193,Moto,Australia,Five33Switchback,2021/08/16
268.524,Fly_Fingers,Unknown,TBSVendetta,2021/11/04
268.941,ZeeQueue,UnitedStates,Five33Switchback,2021/10/09
270.134,PEZ_FPV,UnitedStates,TBSSourceOne,2022/04/08
270.889,CosmicFPV,UnitedKingdom,SingularitumV5,2021/11/11
271.766,condiment,UnitedKingdom,Five33Switchback,2021/08/11
273.085,peherik,Sweden,DiatoneGTB339,2021/11/29
273.419,Gravy,UnitedKingdom,AttoFPVPhoton,2021/08/06
273.693,Symplexfpv,UnitedStates,CarbiXZero,2022/02/20
274.581,mraero_fpv,Germany,Five33Switchback,2021/12/17
275.304,BlueArseFly,NewZealand,Five33Switchback,2021/08/18
276.863,edschmee,UnitedStates,Five33Switchback,2021/12/17
277.045,TrueyFPV_TheCaptain,Australia,PandaCavity,2021/08/13
277.694,FreakoutFPV,Switzerland,Five33Switchback,2021/12/14
281.773,JRodRC,Canada,CarbiXZero,2021/08/11
281.952,freaksSTONE,Germany,SlamNasty,2022/05/31
283.534,sapsan,RussianFederation,ArmattanChameleon,2021/11/18
283.768,benjiammo,Spain,LilBastard,2022/03/10
285.447,DronusMaximus,UnitedKingdom,LilBastard,2021/09/21
285.574,IoBios,Belgium,TinyHawk,2021/08/17
286.652,Boosh,UnitedStates,Five33Switchback,2021/08/12
287.832,Ucangoz,Turkey,SkyXKiller,2022/05/19
288.623,hornet85,Norway,DiatoneGTB339,2021/09/25
288.996,JoelCiercoNavarro,Spain,LethalConception,2021/08/14
289.729,tommcmann,UnitedStates,Five33Switchback,2022/01/13
291.658,PomBley,Spain,HX115,2022/06/13
292.586,Granodiorite,UnitedStates,BetaFPV75x,2021/12/12
293.004,JayTeeBee,UnitedStates,Five33Switchback,2021/12/12
295.005,happyfreewilly,Italy,KareareaTalon,2022/03/17
296.496,ZacMaster,UnitedStates,TBSSpec,2021/08/09
296.876,timmal,Ukraine,Five33Switchback,2022/04/23
297.174,Bree,France,Five33Switchback,2021/08/06
300.355,AtsuPon,Japan,D-Rock,2021/08/10
301.325,PhilippeAlmeras,Canada,Five33Switchback,2022/01/09
304.818,Blackmore,France,LilBastard,2022/04/27
305.908,Rauk,Denmark,NazgulXL5,2021/08/12
306.781,BFP,Spain,Five33Switchback,2021/08/30
