50.199,BURAK,Turkey,SingularitumV5,2021/05/31
51.723,LeoOnFire,Italy,Five33Switchback,2021/09/11
52.689,TCSilviofpvbuthighrates,Spain,SingularitumV5,2021/06/22
53.140,Femto_Chungus,UnitedStates,MadLite,2021/10/16
53.155,Kosta,Germany,Five33Switchback,2021/06/03
53.400,DirtyMuffin,UnitedStates,Five33Switchback,2021/05/25
53.493,jra,UnitedStates,Mode2Ghost,2021/06/04
54.659,vexsk,Germany,Five33Switchback,2021/09/18
56.507,RIVALSGMoney,UnitedStates,CarbiXZero,2021/06/02
57.283,abcd1234,Japan,Five33Switchback,2021/06/21
57.355,K1R,Ukraine,SniperX,2022/01/12
57.733,SolidFpv,UnitedStates,Five33Switchback,2021/08/17
58.034,OliHawk,France,Yakuza,2022/02/10
58.082,karrson㋡,Sweden,Five33Switchback,2021/05/31
58.481,longcat,Sweden,Five33Switchback,2021/09/03
58.785,RIVALSMilkman,UnitedStates,BMSJS-1,2021/06/03
58.880,loufpv,UnitedStates,Five33Switchback,2022/01/30
59.245,クマシャンプ―,UnitedStates,Mode2Ghost,2021/05/26
59.543,Lacasito,Spain,Mode2Ghost,2021/06/19
59.922,skAt,France,LethalConception,2021/05/25
60.170,FPVFPVINEEDTOGETFASTER,Norway,Five33Switchback,2021/12/11
60.208,WerdnaFPV,Singapore,Five33Switchback,2021/06/01
60.453,RIVALSKneeDown,UnitedStates,CarbiXZero,2021/05/25
61.060,XPARASITE,UnitedStates,Five33Switchback,2021/06/04
61.575,DracFPV,Spain,Ossa,2021/08/08
61.703,WeeklyPlayer1,Poland,AttoFPVPhoton,2021/05/27
61.802,GolDron,Spain,Five33Switchback,2021/06/24
62.115,Saqoosha,Japan,TBSSpec,2021/05/28
62.188,Mikrofpv,Spain,KareareaTalon,2021/06/20
63.007,Bree,France,Five33Switchback,2022/04/03
63.216,surgicalfpv,UnitedStates,Mode2Ghost,2021/09/18
64.301,Dronius,Ukraine,Five33Switchback,2022/01/12
64.511,DeMoNse3d,Mexico,Five33Switchback,2021/05/27
64.859,RIVALSDreadPool,UnitedStates,CarbiXZero,2021/12/23
65.095,RIVALSMixedSignals,UnitedStates,TBSSpec,2021/06/29
65.161,MX_BIGRAMON,Germany,Five33Switchback,2021/07/13
65.333,Krypton_FPV,Spain,Five33Switchback,2021/06/20
66.206,ejectfpv865,UnitedStates,Five33Switchback,2021/05/27
67.056,Gafannen,Slovakia,Five33Switchback,2021/09/10
67.146,OrigDragon,UnitedStates,TBSSpec,2021/05/28
67.382,Mazallvs,Spain,Ossa,2021/06/24
67.422,frteskesc,Germany,Five33Switchback,2021/05/25
67.423,Bashikami,Italy,Five33Switchback,2021/09/10
67.530,RIVALSDutch,UnitedStates,Five33Switchback,2021/10/06
67.598,DAFFPV,Sweden,Five33Switchback,2021/05/30
68.472,WinterRanger,UnitedStates,Five33Switchback,2021/05/26
68.694,pmalaia,Portugal,TBSSpec,2021/06/04
69.229,kuatoFPV,NewZealand,LilBastard,2021/05/31
69.909,ThaisNn,Spain,Five33Switchback,2021/06/21
70.729,Slashchev,Ukraine,Five33Switchback,2021/07/29
70.889,LukeS,Germany,Five33Switchback,2022/02/08
71.497,LEVI,UnitedStates,Ossa,2021/05/28
72.360,canuto,Spain,Five33Switchback,2021/06/19
72.361,ChettMac,UnitedStates,BMSJS-1,2021/05/31
72.447,Arras,Spain,Five33Switchback,2021/06/21
72.582,NightwingFPV,UnitedStates,TBSSpec,2021/06/06
73.052,Darksilver,Canada,TBSSpec,2021/06/02
73.421,DanfloFPV,Spain,Five33Switchback,2021/06/21
73.643,JR138,UnitedStates,Five33Switchback,2021/05/26
74.348,WordyN,Ukraine,Five33Switchback,2022/01/13
74.662,YANISFPV,Ukraine,Five33Switchback,2022/01/13
74.775,ChiloFPV,Japan,Five33Switchback,2021/06/01
75.196,CutnLines,Australia,Five33Switchback,2021/05/28
75.410,TriBull,UnitedKingdom,TBSSpec,2021/05/26
75.536,lef,Ukraine,AttoFPVPhoton,2022/01/12
75.566,antx,RussianFederation,Five33Switchback,2021/05/31
75.799,charles55582,UnitedStates,TBSOblivion,2022/01/10
75.976,RipDaLip,Germany,TBSSpec,2021/09/10
76.404,tillyFPV,UnitedStates,Five33Switchback,2021/05/29
76.730,mcrakus,Poland,Ossa,2021/12/11
77.103,FahmiPV,BruneiDarussalam,Five33Switchback,2021/07/12
77.104,Musilex,Brazil,Mode2Ghost,2022/04/19
77.133,YAWESOME,UnitedStates,Five33Switchback,2022/04/14
77.445,bonfpv,HongKong,Five33Switchback,2021/11/02
77.636,Brodrone,Denmark,Solleva,2021/05/31
77.688,Turkey,UnitedStates,TBSSpec,2021/06/06
77.974,geordil,UnitedStates,TBSSpec,2022/03/30
78.008,FUGAFPV,Japan,Yakuza,2021/05/27
78.371,KarachoFPV,Austria,Five33Switchback,2021/05/31
78.875,ibor24,Switzerland,Five33Switchback,2021/05/26
79.671,Swoop2613,UnitedStates,Five33Switchback,2022/04/05
80.232,CerbAirus,Germany,SingularitumV5,2021/05/26
80.279,NJudah,UnitedStates,TBSSpec,2022/01/09
80.575,aviakpdu,Ukraine,Five33Switchback,2022/01/13
80.921,Jprevos,Netherlands,Five33Switchback,2022/03/10
81.631,Tomeroni,Hungary,TBSSpec,2021/05/29
81.631,Gustavo_GZV,Spain,Mode2Ghost,2021/06/19
82.495,NoahLikeTheArk,UnitedStates,Five33Switchback,2021/07/11
82.878,Phantom542,France,CarbiXZero,2021/08/14
82.909,DmytroAvdosiev,Ukraine,Strix,2022/01/12
83.002,QBeeZee!,UnitedStates,SlamNasty,2021/06/30
83.488,FlyinRyan,UnitedStates,Five33Switchback,2021/06/05
84.089,dyk0n,UnitedStates,Five33Switchback,2021/08/05
85.588,MookFPV,UnitedKingdom,Velocity,2021/06/29
85.653,JalasFPV,Spain,Five33Switchback,2021/06/23
85.730,jonFive,UnitedStates,SlamNasty,2021/05/29
85.991,ETERNAL☆GOODVIBES,UnitedKingdom,Solleva,2021/05/26
86.579,MiG29,UnitedKingdom,TBSSpec,2021/05/26
86.692,_Alex_,UnitedStates,Velocity,2022/01/02
86.757,ANZPO,UnitedStates,Five33Switchback,2021/11/28
86.879,LeadFingers,UnitedStates,Five33Switchback,2021/06/26
87.161,EmPiiRe,Germany,Five33Switchback,2022/03/29
87.647,stogie,UnitedStates,Five33Switchback,2021/05/26
87.655,Mooshon,Israel,Five33Switchback,2021/07/17
88.379,,Ukraine,Five33Switchback,2022/01/13
88.598,FEATHERSFPV,UnitedKingdom,Yakuza,2021/05/29
88.725,thewitt,Canada,Five33Switchback,2022/01/24
89.152,Borginson,Poland,CarbiXZero,2021/06/06
89.215,BigMUFF,UnitedStates,TBSSpec,2021/09/22
89.284,alexfmn,Ukraine,TwigXL3,2022/01/13
89.726,jdogfpv,UnitedKingdom,Five33Switchback,2021/08/15
89.973,RoflcopterStL,UnitedStates,Five33Switchback,2021/11/28
90.232,GoldenFpv,Israel,BMSJS-1,2021/10/26
90.266,NotSure,UnitedKingdom,TBSSpec,2021/07/30
90.650,jorcor,Spain,LilBastard,2021/06/20
90.942,DesertRat,UnitedStates,Velocity,2021/06/04
92.204,g0rsky,Ukraine,Mode2Ghost,2022/01/13
92.364,RustyRobotBits,UnitedStates,Five33Switchback,2021/05/25
92.460,GoldenTangoELRSHDzero,Singapore,Five33Switchback,2021/06/07
92.504,Smurf47akaUlrik,Denmark,TBSSpec,2021/05/27
93.041,CondorFPV,UnitedStates,Five33Switchback,2021/07/27
93.211,CurroFPV,Spain,SingularitumV5,2021/06/24
93.533,Soulfire,CostaRica,TBSSpec,2021/05/30
93.875,StoneyNapoleon,UnitedKingdom,TBSSpec,2021/06/06
94.123,eedok,Canada,TBSSpec,2021/09/19
96.074,Superchuti,Spain,Mode2Ghost,2021/06/23
96.372,reflexsa,SouthAfrica,Rooster,2021/09/28
96.621,ermigue05,Spain,Five33Switchback,2021/06/21
96.901,YCKFPV,China,Five33Switchback,2021/06/01
96.967,GlutenFreeStew,UnitedStates,Velocity,2021/06/27
97.031,Lucky22,UnitedStates,Five33Switchback,2022/02/03
97.094,MoFPV!,UnitedStates,CarbiXZero,2022/03/05
97.439,jotakafpv,Spain,Five33Switchback,2021/06/23
98.116,pho,UnitedKingdom,TBSOblivion,2021/06/02
98.141,MaxMarvelous,UnitedStates,Five33Switchback,2022/02/03
98.155,Flying_fa,Canada,TBSOblivion,2021/05/27
98.671,FPVNate,UnitedStates,Five33Switchback,2021/05/27
99.259,LazyDay,UnitedStates,Five33Switchback,2021/07/28
99.919,ChainsawFPV,UnitedStates,Five33Switchback,2021/05/25
100.637,brat,RussianFederation,PantherMM,2021/10/11
100.652,anacond,Romania,Mode2Ghost,2021/06/23
101.308,Gravy,UnitedKingdom,Five33Switchback,2021/06/07
103.046,Lixx,Switzerland,Five33Switchback,2021/10/03
103.568,firedragon10,UnitedStates,Five33Switchback,2021/05/29
103.921,RipTheJacker200,UnitedStates,Five33Switchback,2022/02/20
104.429,jafpv,Unknown,Five33Switchback,2022/02/26
104.823,4N5,Japan,Five33Switchback,2021/06/10
104.917,JFkeeper20,UnitedStates,TBSSpec,2021/10/08
106.148,MichaelK,UnitedStates,Five33Switchback,2021/06/25
106.997,rik,UnitedStates,Five33Switchback,2021/08/20
107.337,SilverFoxUK,UnitedKingdom,TBSSpec,2021/06/29
107.847,Droned_FPV,Denmark,Five33Switchback,2021/06/01
108.068,_ra,Ukraine,Velocity,2022/01/12
108.354,FpvMania,Spain,Five33Switchback,2021/06/23
108.648,Greyone01,UnitedKingdom,Five33Switchback,2021/12/11
109.188,2_hottie,UnitedStates,BMSJS-1,2021/06/14
109.464,Chichay,RussianFederation,CarbiXZero,2021/07/28
109.991,Studbuckett,UnitedStates,Chief,2021/11/19
110.375,Gruver,UnitedStates,TBSSpec,2021/06/06
110.506,valdodronAitor,Spain,Mode2Ghost,2021/06/20
110.801,timmal,Ukraine,LilBastard,2022/01/12
111.276,insomniofpv,Spain,Five33Switchback,2021/06/20
111.315,GrOiLL,Germany,Five33Switchback,2021/06/01
112.490,VitalyMi85,RussianFederation,Five33Switchback,2022/01/10
113.050,Dezz,Ukraine,BMSJS-1,2022/01/12
113.154,Molinafpv,Spain,Yakuza,2021/06/20
113.807,DEVILS,UnitedStates,Five33Switchback,2021/05/26
114.366,Xec4_FPV,Spain,TBSSpec,2021/06/24
115.256,Slopo,UnitedStates,TBSSpec,2021/07/01
116.260,DeimosFPV,UnitedStates,Five33Switchback,2021/06/04
116.784,QooBoo2016,Japan,SkyXKiller,2021/12/07
116.789,LeunusBoeBoe,Netherlands,Five33Switchback,2021/11/16
116.791,WereWolf,UnitedKingdom,Five33Switchback,2022/02/13
117.164,PacoTeamCanadaFPV,Canada,Five33Switchback,2021/06/04
117.365,RaReDaRkFiRe,UnitedStates,Mode2Ghost,2021/07/03
118.724,Propwosh,UnitedStates,CarbiXZero,2021/06/19
118.818,MONKEYFPV☚,UnitedStates,Five33Switchback,2021/05/28
119.175,Granpaw,UnitedStates,TBSSpec,2021/05/26
119.605,ShadowSneaker,Denmark,TBSSpec,2022/04/09
122.117,Toxicfpv,UnitedStates,Five33Switchback,2021/05/29
122.555,scozian,Spain,Five33Switchback,2021/06/21
123.131,MattMaxx,UnitedStates,Ossa,2021/09/24
123.335,fnf,UnitedKingdom,TinyHawk,2021/05/28
123.745,gwesh,UnitedKingdom,LilBastard,2021/05/29
124.230,DenizAksaya,Turkey,Five33Switchback,2021/05/27
125.096,Itany,Japan,Yakuza,2021/07/15
127.234,Crashin2416,UnitedStates,TBSSpec,2022/01/30
127.549,CosmicFPV,UnitedKingdom,TBSSpec,2021/06/05
127.612,kazujp,Japan,Five33Switchback,2021/10/29
128.040,bravo88,Spain,LethalConception,2021/06/19
128.976,DragonFlyte,UnitedStates,TBSSpec,2021/05/26
129.913,DayLightFPV,UnitedStates,TBSSpec,2021/07/21
130.385,VladBeloz,Ukraine,LilBastard,2022/01/12
130.804,SSBelmont,UnitedStates,BMSJS-1,2022/03/13
131.638,seajaye,UnitedStates,SingularitumV5,2021/06/02
132.022,FlossIsBoss,UnitedKingdom,AttoFPVPhoton,2021/09/20
132.503,Smailer,Belarus,Five33Switchback,2021/06/25
133.647,fpv_tempest,Finland,TBSSpec,2022/01/10
135.461,FanZ,France,Five33Switchback,2021/09/12
136.698,skeletonsofFpv,UnitedStates,NeatoFastback,2021/11/04
