52.245,SWEEPER,CzechRepublic,Five33Switchback,2021/12/18
63.910,HQThunder,Spain,TBSSpec,2021/03/03
64.086,BMSweb,Australia,BMSJS-1,2021/02/22
64.770,TBSRetiredNoic,UnitedStates,TBSSpec,2021/02/19
65.049,karrson㋡,Sweden,Five33Switchback,2021/02/20
65.278,TCEuLeR,Germany,Five33Switchback,2021/02/23
66.201,WerdnaFPV,Singapore,Five33Switchback,2022/02/08
66.209,ETERNAL☆ATAKAN,Turkey,TBSSpec,2021/02/22
66.674,00Hyper,UnitedStates,TBSSpec,2021/02/19
67.052,TBSgeek_fpv,Italy,Five33Switchback,2021/03/30
67.149,Lacasito,Spain,Mode2Ghost,2021/03/29
67.740,TBSskAve,Germany,Five33Switchback,2021/03/03
67.826,Kosta,Germany,TBSSpec,2021/03/03
67.870,RustyDollar,Latvia,TBSSpec,2021/02/18
68.169,HQBurkanBiceps,UnitedKingdom,TBSSpec,2021/02/19
68.726,ETERNAL☆Star23467,Germany,TBSSpec,2021/03/01
69.012,HaloWalker03,Germany,TBSSpec,2021/02/18
69.466,Mazak,Poland,TBSSpec,2021/02/18
69.509,OscarNilsson,Sweden,TBSSpec,2021/02/21
69.613,antonig,Bulgaria,Five33Switchback,2021/08/19
69.674,DirtyMuffin,UnitedStates,TBSSpec,2021/02/25
70.082,knighthawk,UnitedKingdom,TBSSpec,2021/03/03
70.191,SwEnglishFPV,Sweden,TBSSpec,2021/02/23
70.216,260FpV,Japan,Five33Switchback,2021/03/24
70.568,thehenker,Germany,TBSSpec,2021/02/19
70.720,ETERNAL☆BURAK,Turkey,TBSSpec,2021/02/18
71.374,AK,UnitedKingdom,TBSSpec,2021/02/20
71.433,FPVFPVINEEDTOGETFASTER,Norway,Five33Switchback,2021/12/02
71.523,TCGundren_Fpv,Switzerland,TBSSpec,2021/02/18
71.703,TCAyyyKayyy,UnitedStates,TBSSpec,2021/02/19
72.331,KPV,UnitedKingdom,TBSSpec,2021/02/18
72.400,longcat,Sweden,TBSSpec,2021/02/18
72.420,Mroowa,Poland,TBSSpec,2021/02/22
72.594,PapiAJ,UnitedStates,TBSSpec,2021/02/18
72.799,ChrisM,Denmark,TBSSpec,2021/02/18
72.923,StickmanFPV,Germany,Five33Switchback,2021/02/22
73.129,HQlephroslowmode,Germany,TBSSpec,2021/02/18
73.418,Dew,Poland,TBSSpec,2021/03/02
73.487,XB₸ЯIИ✘,France,Five33Switchback,2021/02/22
73.657,RCSwix,RussianFederation,TBSSpec,2021/02/18
73.657,SmokyFPV,UnitedKingdom,TBSSpec,2021/02/18
74.530,Kosma,Poland,TBSSpec,2021/02/18
74.728,Saqoosha,Japan,TBSSpec,2021/02/19
74.768,MARAHUTE,Italy,Five33Switchback,2021/03/02
74.966,MarianFPV,Poland,TBSSpec,2021/02/18
74.970,StefanLjungberg,Sweden,TBSSpec,2021/02/24
75.293,roma_fpv,Spain,TBSSpec,2021/02/18
75.313,ALPIFPV,UnitedStates,TBSSpec,2021/03/02
75.961,TCDAN00B,Spain,TBSSpec,2021/03/18
76.032,NelisFPV,Netherlands,TBSSpec,2021/02/18
76.523,akdrones,UnitedStates,TBSSpec,2021/02/22
76.675,NotChief,UnitedStates,TBSSpec,2021/02/20
77.115,Smeland_FPV,Norway,TBSSpec,2021/02/18
77.246,Propkill,Italy,Five33Switchback,2021/02/24
77.563,SOMi,Hungary,TBSSpec,2021/02/25
77.606,Smurf47akaUlrik,Denmark,TBSSpec,2021/02/19
77.772,CloudFPV,Poland,TBSSpec,2021/02/23
78.077,HQBatuFPV,Germany,TBSSpec,2021/02/18
78.086,BadSpeed,Finland,TBSSpec,2021/04/17
78.112,TBSQTFPV,UnitedStates,TBSSpec,2021/02/18
78.134,Ninjakat,Unknown,TBSSpec,2021/02/21
78.510,skAt,France,TBSSpec,2021/02/28
79.949,TCTheMilkman,UnitedStates,TBSSpec,2021/03/02
79.988,iamwud,UnitedKingdom,SingularitumV5,2021/07/13
80.077,saft57,Sweden,TBSSpec,2021/02/20
80.556,TCNMGrower,UnitedStates,TBSSpec,2021/02/22
80.833,Gafannen,Slovakia,Five33Switchback,2021/07/13
80.943,TheGuineaPigMaster,UnitedStates,TBSSpec,2021/02/18
80.991,mv,Estonia,TBSSpec,2021/02/20
81.022,BlueWolfTFS,Poland,TBSSpec,2021/03/07
81.067,SIMBrycebfpv,UnitedStates,TBSSpec,2021/02/18
81.434,AliB㋡,UnitedKingdom,TBSSpec,2021/02/18
81.649,Ewen,France,Five33Switchback,2021/02/18
81.864,MX_BIGRAMON,Germany,Five33Switchback,2021/02/18
82.221,CALFPV,Germany,Five33Switchback,2021/02/24
82.295,Aleksi15,Finland,TBSSpec,2021/02/18
82.305,YAWESOME,UnitedStates,TBSSpec,2021/02/21
82.504,SIMLeviathann,UnitedStates,Mode2Ghost,2021/02/20
82.510,MAT_277FPVQE,Canada,Ossa,2021/03/07
82.699,slick_fpv,UnitedStates,Ossa,2021/02/19
82.779,ETERNAL☆PaulEFPV,UnitedStates,TBSSpec,2021/04/23
83.027,Bashikami,Italy,TBSSpec,2021/02/18
83.029,zaye1987,Sweden,Five33Switchback,2021/04/01
83.187,JR,Sweden,TBSSpec,2021/03/02
83.272,PTEREK,Poland,TBSSpec,2021/03/01
83.528,Femto_Chungus,UnitedStates,TBSSpec,2021/02/19
83.720,Snowyeti,Norway,TBSSpec,2021/02/18
83.936,Kaiser,Denmark,TBSSpec,2021/02/22
83.948,bigspeed,UnitedStates,TBSSpec,2021/03/03
84.088,AlexeyStn_Overpass,RussianFederation,TBSSpec,2021/02/18
84.180,OzgurJohn,Turkey,Five33Switchback,2021/02/19
84.222,SIMSlicefpv,UnitedStates,TBSSpec,2021/02/20
84.257,baraktal,Israel,TBSSpec,2021/03/04
84.311,TCDarksilver,Canada,TBSSpec,2021/03/17
84.348,TitanTim,Germany,TBSSpec,2021/02/18
84.539,OrigDragon,UnitedStates,TBSSpec,2021/02/19
84.617,Johnn,Denmark,TBSSpec,2021/02/19
85.129,M4TTFPV,UnitedKingdom,TBSSpec,2021/02/18
85.179,TFSElomakin,Unknown,TBSSpec,2021/02/18
85.574,Guile,Singapore,TBSSpec,2021/02/18
85.689,MegaHurts,UnitedStates,TBSSpec,2021/02/22
87.217,TriBull,UnitedKingdom,TBSSpec,2021/02/19
87.332,SzeryfxD,Poland,TBSSpec,2021/02/25
87.416,DeMoNse3d,Mexico,TBSSpec,2021/02/27
87.531,Deviled90,Italy,TBSSpec,2021/02/18
87.666,Gromozeka,RussianFederation,TBSSpec,2021/02/18
87.674,Bubbows,UnitedKingdom,TBSSpec,2021/05/07
87.699,Droner,UnitedStates,TBSSpec,2021/02/20
88.478,KevinHo,UnitedStates,TBSSpec,2021/02/24
88.813,Barnyard,UnitedStates,TBSSpec,2021/02/22
89.084,Ryżu,Poland,Five33Switchback,2021/03/04
89.203,Bloke,Australia,NeatoFastback,2021/02/20
89.287,Baton,RussianFederation,TBSSpec,2021/02/18
89.442,Phantom542,France,CarbiXZero,2021/04/11
89.493,obeny,Poland,Five33Switchback,2021/12/02
90.182,Eugy01_Overpass,RussianFederation,CarbiXZero,2021/06/10
90.308,Flynby,UnitedStates,TBSSpec,2021/02/19
90.330,mcrakus,Poland,TBSSpec,2021/02/18
90.586,Bercik11palcow,Poland,TBSSpec,2021/02/23
90.796,slicksta,UnitedKingdom,TBSSpec,2021/02/20
90.863,BatmanFPV,UnitedKingdom,TBSSpec,2021/02/18
91.103,frelar8,Sweden,TBSSpec,2021/12/12
91.325,DayLightFPV,UnitedStates,TBSSpec,2021/04/21
91.386,nossiFILMS,UnitedStates,TBSSpec,2021/02/20
91.716,EzR4cer,UnitedStates,TBSSpec,2021/02/21
92.194,MattiZ,Germany,Five33Switchback,2021/02/23
92.247,ForkMaster,Latvia,TBSSpec,2021/02/24
92.484,ejectfpv865,UnitedStates,CarbiXZero,2021/02/26
92.547,loufpv,UnitedStates,TBSSpec,2021/02/23
92.592,KarachoFPV,Austria,Five33Switchback,2021/04/14
92.869,PandaROLL3D,UnitedStates,TBSSpec,2021/02/21
93.233,BearmanFPV,UnitedKingdom,TBSSpec,2021/02/24
93.559,OrangutanFPV,UnitedKingdom,TBSSpec,2021/03/13
94.258,Kyal,Poland,TBSSpec,2021/03/02
94.397,Lexa_S_Overpass,RussianFederation,TBSSpec,2021/02/18
94.672,FreeZe,Ukraine,TBSSpec,2021/02/18
95.340,MAYHEM,UnitedStates,Five33Switchback,2021/02/25
95.529,Blahesz,Hungary,TBSSpec,2021/02/26
95.615,Gegiq,UnitedKingdom,Five33Switchback,2021/12/02
95.787,SUPERSONICFPV,Korea,AstroXSL5,2021/02/25
96.082,TFSFlam,Poland,TBSSpec,2021/02/20
96.094,Simfiddykal,UnitedStates,TBSSpec,2021/02/18
96.179,doggz,Canada,Five33Switchback,2021/02/21
96.418,KiloFoxtrot,UnitedStates,TBSSpec,2021/02/19
96.549,Shuttleee,Sweden,TBSSpec,2021/03/27
97.125,LOSLobo,Hungary,TBSSpec,2021/02/19
97.254,PiFLY,UnitedStates,TBSSpec,2021/03/02
97.279,NelsonFpv,Ireland,Five33Switchback,2021/06/16
97.279,WinterRanger,UnitedStates,TBSSpec,2021/02/20
97.546,Vekt0rz,UnitedStates,TBSSpec,2021/03/02
97.580,tisha_BeAir,Belarus,TBSSpec,2021/02/18
98.049,Robertas_V,Unknown,Five33Switchback,2021/04/14
98.460,ETERNAL☆GOODVIBES,UnitedKingdom,TBSSpec,2021/03/03
98.523,JWWFPV,UnitedStates,TBSSpec,2021/10/08
98.609,ROMIZ,Italy,TBSSpec,2021/03/04
98.796,WalterInBlack,Sweden,TBSSpec,2021/02/20
98.854,stogie,UnitedStates,Five33Switchback,2021/08/23
99.380,wapfpv,Philippines,Five33Switchback,2021/03/18
99.643,NJudah,UnitedStates,TBSSpec,2021/02/23
99.697,TrollFPV,Norway,TBSSpec,2021/02/18
99.889,turo,UnitedStates,Mode2Ghost,2021/02/26
100.152,Alêx,UnitedKingdom,Five33Switchback,2021/02/21
100.329,RIVALSMixedSignals,UnitedStates,TBSSpec,2021/03/02
100.588,FPV360,Germany,CarbiXZero,2021/04/11
100.969,Bree,France,Five33Switchback,2022/02/07
101.128,patrikfpv,CzechRepublic,Five33Switchback,2021/04/02
101.547,frteskesc,Germany,Five33Switchback,2021/02/19
101.700,RaceRat,UnitedKingdom,TBSSpec,2021/02/18
101.794,Paynefull,UnitedKingdom,TBSSpec,2021/02/18
102.082,DAFFPV,Sweden,TBSSpec,2021/02/19
102.330,LukeS,Germany,Five33Switchback,2021/03/28
102.455,Plaukuotasis,Unknown,TBSSpec,2021/07/12
102.514,ibor24,Switzerland,TBSSpec,2021/06/12
102.678,Cee_FPV,UnitedStates,TBSSpec,2021/02/21
102.785,APXGEE,UnitedKingdom,Ossa,2021/02/18
102.906,Brombeer,Netherlands,Five33Switchback,2021/03/06
102.983,JR138,UnitedStates,Five33Switchback,2021/05/23
103.226,izis,CzechRepublic,TBSSpec,2021/03/13
103.375,KLARFON,Bulgaria,TBSSpec,2021/02/23
103.404,AdamWu,China,Five33Switchback,2021/02/25
103.597,Tyg3r,UnitedStates,BMSJS-1,2021/04/14
103.970,2Bad,UnitedStates,TBSSpec,2021/03/09
104.110,Tomeroni,Hungary,TBSSpec,2021/02/24
104.169,Wesselfpv,Netherlands,Five33Switchback,2021/02/19
105.084,nadav0108,Unknown,TBSSpec,2021/07/02
106.016,tommundy,UnitedKingdom,TBSSpec,2021/02/23
106.140,MakoPL,Poland,TBSSpec,2021/05/16
108.305,Wikiwix,Germany,Five33Switchback,2021/02/19
108.790,DEJAS,UnitedStates,TBSSpec,2021/08/03
108.875,TheLastAirbenderFPV,Turkey,TBSSpec,2021/03/09
109.004,Astarte,Poland,TBSSpec,2021/02/26
109.273,SonicShroom,Australia,BMSJS-1,2021/02/20
109.665,MioElGato,Unknown,TBSSpec,2021/02/18
109.666,Finzfpv,Unknown,Five33Switchback,2021/02/23
110.104,BONADI,Poland,Five33Switchback,2021/07/09
110.419,SemperFly,UnitedStates,Five33Switchback,2021/02/25
110.684,kuatoFPV,NewZealand,Five33Switchback,2021/03/04
110.761,2dogrc,UnitedStates,TBSSpec,2021/02/22
111.306,Cmad,UnitedStates,Ossa,2021/02/24
111.313,UFPV,UnitedKingdom,Five33Switchback,2021/07/25
