46.468,XB₸ЯIИ✘,France,Five33Switchback,2022/02/04
47.921,Elpitjor,Spain,Five33Switchback,2022/02/10
48.271,Ewen,France,Yakuza,2022/01/27
48.303,geek_fpv,Italy,Chief,2022/01/26
48.706,andreas_fpv,Netherlands,SniperX,2022/01/23
50.483,HQBatuFPV,Germany,Five33Switchback,2022/01/21
50.756,baraktal,Israel,Five33Switchback,2022/01/26
50.817,ALPIFPV,UnitedStates,Five33Switchback,2022/01/26
51.570,ETERNAL☆BURAK,Turkey,TBSSpec,2022/01/20
51.795,Kosta,Germany,TBSSpec,2022/02/14
52.357,HQBurkanBiceps,UnitedKingdom,TBSSpec,2022/01/21
52.751,SIMSebaFPV,UnitedStates,CarbiXZero,2022/01/24
53.035,ETERNAL☆YAYOU,France,TBSSpec,2022/01/20
53.093,abcd1234,Japan,Five33Switchback,2022/01/26
53.401,TheIceCheetah,UnitedStates,TBSSpec,2022/01/23
53.627,⚡ELITEShaigne,France,TBSSpec,2022/01/20
54.249,IonFPV,India,TBSSpec,2022/01/22
54.626,ETERNAL☆Cr3at0rGamer,Germany,TBSSpec,2022/01/20
54.785,TCEuLeR,Germany,TBSSpec,2022/01/20
55.261,mv,Estonia,TBSSpec,2022/01/20
55.481,ETERNAL☆Star23467,Germany,TBSSpec,2022/01/27
55.743,ETERNAL☆Cryson,Germany,TBSSpec,2022/01/20
55.797,WeeklyPlayer1,Poland,TBSSpec,2022/01/22
55.841,Saqoosha,Japan,TBSSpec,2022/01/21
56.164,SIMDorukFPV,Turkey,TBSSpec,2022/01/20
56.384,karrson㋡,Sweden,TBSSpec,2022/01/31
56.384,KPV,UnitedKingdom,TBSSpec,2022/01/20
56.552,J0SE,UnitedStates,TBSSpec,2022/01/20
56.881,Gafannen,Slovakia,TBSSpec,2022/01/20
56.981,Smurf47akaUlrik,Denmark,TBSSpec,2022/01/20
57.199,Pukka_fpv,UnitedKingdom,TBSSpec,2022/01/20
57.304,BearmanFPV,UnitedKingdom,TBSSpec,2022/01/20
57.404,BONADI,Poland,Five33Switchback,2022/01/27
57.496,chogeRINTGF,Spain,TBSSpec,2022/02/12
58.017,MX_BIGRAMON,Germany,TBSSpec,2022/01/20
58.309,FPVFPVINEEDTOGETFASTER,Norway,Five33Switchback,2022/02/11
58.708,RCSwix,RussianFederation,TBSSpec,2022/01/20
58.743,SmokyFPV,UnitedKingdom,TBSSpec,2022/01/20
60.360,Bubbows,UnitedKingdom,TBSSpec,2022/01/24
60.501,frteskesc,Germany,Five33Switchback,2022/01/21
60.852,ETERNAL☆GOODVIBES,UnitedKingdom,TBSSpec,2022/01/24
61.029,M4TTFPV,UnitedKingdom,TBSSpec,2022/01/20
61.335,sabj_DroneBand,Belarus,TBSSpec,2022/01/27
61.573,DeMoNse3d,Mexico,TBSSpec,2022/01/25
61.735,Snowyeti,Norway,TBSSpec,2022/01/23
61.860,TriBull,UnitedKingdom,TBSSpec,2022/01/20
62.142,rafifly,France,Five33Switchback,2022/02/12
62.935,SUPER_DAN,UnitedKingdom,TBSSpec,2022/01/26
63.374,Smashhappyfpv,UnitedKingdom,Five33Switchback,2022/01/26
64.123,obeny,Poland,Five33Switchback,2022/01/27
64.492,RIVALSMixedSignals,UnitedStates,TBSSpec,2022/01/21
64.581,kozzz,RussianFederation,TBSSpec,2022/01/20
65.113,Bree,France,Five33Switchback,2022/02/02
65.558,Oshe,DominicanRepublic,TBSSpec,2022/01/20
65.957,kasapon,Japan,SkyXKiller,2022/02/03
66.241,Smeland_FPV,Norway,TBSSpec,2022/01/20
66.287,MorbidFPV,UnitedStates,TBSSpec,2022/01/22
66.573,DRKfpv,France,Five33Switchback,2022/02/02
66.575,Darksilver,Canada,Five33Switchback,2022/01/22
66.601,frelar8,Sweden,Five33Switchback,2022/01/21
66.689,mojofpv,Germany,TBSSpec,2022/01/28
66.943,Owl77,RussianFederation,CarbiXZero,2022/01/20
67.197,tillyFPV,UnitedStates,TBSSpec,2022/01/23
67.282,skAt,France,LethalConception,2022/01/26
67.431,SanderPuh,Netherlands,SniperX,2022/01/28
67.673,MattiZ,Germany,Five33Switchback,2022/01/23
67.769,NelsonFpv,Ireland,TBSSpec,2022/01/30
68.034,AdamWu,China,Five33Switchback,2022/01/29
68.460,tisha_BeAir,Belarus,TBSSpec,2022/01/20
68.759,BatmanFPV,UnitedKingdom,TBSSpec,2022/01/28
68.815,Baton,RussianFederation,TBSSpec,2022/01/20
69.621,Fastodon,UnitedStates,TBSSpec,2022/01/25
69.805,aleix_fpv,Spain,TBSSpec,2022/02/15
70.548,CerbAirus,Germany,TBSSpec,2022/01/30
70.878,silverone,Poland,TBSOblivion,2022/01/27
71.526,TMAD,UnitedStates,TBSSpec,2022/02/01
72.121,ThirdEyeFPV,Australia,TBSSpec,2022/01/23
73.252,geordil,UnitedStates,TBSSpec,2022/02/02
74.019,SilverFoxUK,UnitedKingdom,TBSSpec,2022/01/20
74.293,ANZPO,UnitedStates,TBSSpec,2022/02/10
74.669,UnderTheRadar,Canada,TwigXL3,2022/02/01
74.887,RaZm0,France,Five33Switchback,2022/02/02
75.090,CravenFPV(Macbook),CostaRica,TBSSpec,2022/01/27
75.305,Plaukuotasis,Unknown,Five33Switchback,2022/01/22
75.448,fpv_tempest,Finland,TBSSpec,2022/01/20
75.637,AliB㋡,UnitedKingdom,TBSSpec,2022/01/20
75.741,ale0890,CostaRica,Five33Switchback,2022/01/27
75.859,TCProDangles,UnitedStates,TBSSpec,2022/01/25
75.906,DAFFPV,Sweden,Chief,2022/01/22
76.580,SpencerDfpv,UnitedStates,TBSSpec,2022/01/22
76.988,Jacobbey,Slovenia,Five33Switchback,2022/02/02
77.485,Brodrone,Denmark,Solleva,2022/01/25
77.736,KOCFPV,Turkey,TBSSpec,2022/01/23
77.737,razbri,UnitedKingdom,TBSSpec,2022/01/28
78.027,NotSure,UnitedKingdom,TBSSpec,2022/01/30
78.681,VitalyMi85,RussianFederation,Five33Switchback,2022/01/22
78.781,NNFNoFlyNoLife,Thailand,CarbiXZero,2022/01/25
79.098,Thrash,UnitedStates,TwigXL3,2022/01/26
79.330,jonFive,UnitedStates,SlamNasty,2022/01/31
79.737,ibor24,Switzerland,TBSSpec,2022/01/21
79.950,Chasadilla,UnitedStates,Five33Switchback,2022/01/28
80.506,Rocket,Canada,Five33Switchback,2022/02/07
80.827,FPphil,Switzerland,TBSSpec,2022/02/02
81.103,AnoKim,Korea,LethalConception,2022/01/27
81.192,fastskull,Italy,Velocity,2022/02/15
81.342,AndyDreadFPV,UnitedStates,Five33Switchback,2022/01/29
81.535,thiiron,Finland,TBSSpec,2022/01/25
82.160,thestorm,Belgium,Five33Switchback,2022/01/29
82.197,Brombeer,Netherlands,SniperX,2022/01/24
83.069,FPVMarv,Germany,Five33Switchback,2022/01/28
84.035,LukeS,Germany,TBSSpec,2022/01/25
84.086,knapmosphere,UnitedKingdom,Five33Switchback,2022/01/24
84.208,ChainsawFPV,UnitedStates,SniperX,2022/02/16
84.288,QuadforsakenFPV,UnitedKingdom,Five33Switchback,2022/01/28
84.357,Ralph12,Singapore,Five33Switchback,2022/02/15
84.387,stogie,UnitedStates,Five33Switchback,2022/01/21
84.847,dyk0n,UnitedStates,TwigXL3,2022/01/31
85.162,Gruver,UnitedStates,TBSSpec,2022/01/30
85.211,izis,CzechRepublic,TBSSpec,2022/01/29
85.969,Solace,Canada,TwigXL3,2022/02/02
86.338,JohnE241,UnitedStates,Five33Switchback,2022/01/25
88.057,IBKING,UnitedStates,Five33Switchback,2022/01/31
88.700,GPW,France,TBSOblivion,2022/01/27
89.221,RobSi,Slovenia,Five33Switchback,2022/02/02
89.228,KnowThings,Germany,TBSSpec,2022/01/20
89.308,nelliemaat_fpv,Germany,TBSSpec,2022/01/20
89.352,nozty,Philippines,TBSSpec,2022/02/03
89.365,RIVALSRollerCoaster,UnitedStates,TBSSpec,2022/02/10
89.846,einknopf,Germany,TBSSpec,2022/02/09
89.928,StDuck,Ukraine,TBSSpec,2022/01/27
90.037,mikemendes715,Belgium,TBSOblivion,2022/01/26
90.056,DragonFlyte,UnitedStates,TBSSpec,2022/01/21
90.307,ArthurFpv,Germany,Five33Switchback,2022/01/27
91.245,gwesh,UnitedKingdom,TBSSpec,2022/01/28
91.769,ZeeQueue,UnitedStates,TwigXL3,2022/01/21
92.413,PacoTeamCanadaFPV,Canada,DJI,2022/01/23
92.597,BoosiveFPV,UnitedKingdom,Five33Switchback,2022/01/21
92.610,Nitro84,Switzerland,TwigXL3,2022/01/30
92.982,HBe,Finland,TBSSpec,2022/01/31
93.473,CosmicFPV,UnitedKingdom,SingularitumV5,2022/01/24
94.196,CtrlAltFred,SouthAfrica,Five33Switchback,2022/01/23
94.498,iceVanko,Bulgaria,TBSOblivion,2022/01/22
94.894,eriagnan,RussianFederation,Five33Switchback,2022/02/01
95.567,bonkripper,Sweden,TBSSpec,2022/01/20
96.443,Jordanfries,Sweden,TBSSpec,2022/02/08
96.584,ulgar05,Turkey,TBSSpec,2022/02/12
96.678,CatherineZetaDrones,UnitedStates,Five33Switchback,2022/01/22
96.921,8M1,UnitedKingdom,SlamNasty,2022/01/20
97.959,Locke_FPV_,Germany,Five33Switchback,2022/02/03
98.292,TalkSick,UnitedStates,SniperX,2022/02/01
98.852,T1LT3D,UnitedStates,TBSSpec,2022/01/26
99.776,FEATHERSFPV,UnitedKingdom,SniperX,2022/01/27
100.588,DrChabFPVQE,Canada,TBSSpec,2022/01/24
100.658,Spidey28,UnitedStates,TBSSpec,2022/01/29
101.114,dutaach,UnitedKingdom,Five33Switchback,2022/02/02
101.855,phisi,Switzerland,Five33Switchback,2022/01/23
102.116,evoznes,RussianFederation,TwigXL3,2022/02/15
102.597,iJS,Australia,Five33Switchback,2022/02/11
102.787,kimtendo⁶⁴,Germany,TBSSpec,2022/01/22
102.857,Deep_Roots_FPV,UnitedStates,Five33Switchback,2022/01/28
103.225,JonasGG,Denmark,Five33Switchback,2022/01/22
105.414,Potoy,CostaRica,Five33Switchback,2022/01/26
105.446,wrecklessfpv,UnitedKingdom,Five33Switchback,2022/01/24
105.849,invalidflaw,UnitedStates,Five33Switchback,2022/01/25
105.849,DMurk,UnitedStates,Five33Switchback,2022/02/03
105.951,HedgehawkFPV,Poland,TBSSpec,2022/01/23
105.976,GrOiLL,Germany,SkyXKiller,2022/01/24
108.035,FreakoutFPV,Switzerland,Five33Switchback,2022/01/30
108.360,LemonC,UnitedStates,Five33Switchback,2022/01/31
108.769,Tesch408,UnitedStates,TBSSpec,2022/01/26
109.359,BruxiBru,France,Five33Switchback,2022/01/31
109.494,DrewbleDude,UnitedStates,Five33Switchback,2022/02/03
109.950,NumbNut,UnitedKingdom,TBSSpec,2022/01/25
110.680,Droned_FPV,Denmark,TBSSpec,2022/01/31
111.647,Crashin2416,UnitedStates,DiatoneGTB339,2022/01/21
113.170,Movingshadowfpv,UnitedKingdom,Five33Switchback,2022/01/31
114.123,TCNMGrower,UnitedStates,Five33Switchback,2022/01/25
114.216,Käpt´nBaluFPV,Germany,TwigXL3,2022/01/26
115.143,rafb,Poland,TBSSpec,2022/01/23
116.677,cromiofx,Portugal,Five33Switchback,2022/02/02
117.192,VoitoBulas,Switzerland,RomaF5,2022/01/21
117.907,MS38,Italy,Five33Switchback,2022/02/01
117.928,meskalina,Italy,Five33Switchback,2022/01/26
118.239,mcrakus,Poland,TBSSpec,2022/01/21
119.058,georgemca,UnitedStates,Five33Switchback,2022/01/21
120.171,3290705410@qqcom,Unknown,Five33Switchback,2022/01/22
121.980,Funbot,Latvia,Five33Switchback,2022/02/02
122.346,dutchvenom,Netherlands,Five33Switchback,2022/01/30
123.108,CorgZilla,SouthAfrica,TBSSpec,2022/01/30
124.959,Wizard_,UnitedKingdom,TBSSpec,2022/01/20
125.921,Pine_Apple,Austria,Five33Switchback,2022/02/01
126.471,Double_UFPV,Germany,HX115,2022/01/31
126.729,JFP3,RussianFederation,Five33Switchback,2022/01/26
127.621,chiefkif,Sweden,TBSSpec,2022/01/20
131.496,WargFpv,UnitedStates,Five33Switchback,2022/02/07
132.572,JFP1,RussianFederation,Five33Switchback,2022/02/16
133.979,jcd,France,TwigXL3,2022/02/01
135.479,ROBO__FPV,Poland,TBSSpec,2022/01/24
136.409,Pulquero,UnitedKingdom,TBSSpec,2022/01/20
137.191,Xiaofish,China,TBSOblivion,2022/01/25
