60.372,Burkan,UnitedKingdom,Five33Switchback,2021/06/23
61.627,HAISENFPV,China,Five33Switchback,2021/04/06
62.124,DirtyMuffin,UnitedStates,Five33Switchback,2021/03/31
62.251,BMSweb,Australia,BMSJS-1,2021/03/30
63.891,antonig,Bulgaria,Five33Switchback,2021/06/22
65.298,RCSwix_QT,RussianFederation,Mode2Ghost,2021/05/03
65.561,ATAKAN,Turkey,TBSSpec,2021/04/22
65.809,HQThunder,Spain,TBSSpec,2021/03/31
66.477,Lacasito,Spain,Mode2Ghost,2021/04/10
67.489,SPLongxinPeng,China,Five33Switchback,2021/04/05
67.853,00Hyper,UnitedStates,TBSSpec,2021/03/26
67.890,BURAK,Turkey,TBSSpec,2021/04/05
68.580,HaloWalker03,Germany,TBSSpec,2021/03/25
68.723,SIMSFPV,UnitedStates,TBSSpec,2021/03/25
68.835,longcat,Sweden,TBSSpec,2021/03/25
69.379,TCDAN00B,Spain,TBSSpec,2021/03/25
70.043,karrson㋡,Sweden,TBSSpec,2021/03/28
71.105,TCGundren_Fpv,Switzerland,TBSSpec,2021/03/25
71.220,EuLeR,Germany,TBSSpec,2021/03/25
71.630,TCAyyyKayyy,UnitedStates,Ossa,2021/03/31
71.909,Barnyard,UnitedStates,Five33Switchback,2021/11/14
72.062,ChrisM,Denmark,TBSSpec,2021/03/25
72.099,SmokyFPV,UnitedKingdom,TBSSpec,2021/03/25
72.486,Brookeet,Poland,TBSSpec,2021/03/26
72.651,KPV,UnitedKingdom,TBSSpec,2021/03/25
72.948,Ninjakat,Unknown,TBSSpec,2021/10/06
73.083,Kosma,Poland,TBSSpec,2021/03/25
73.225,Kaiser,Denmark,TBSSpec,2021/03/28
73.241,Saqoosha,Japan,TBSSpec,2021/03/29
73.324,ALPIFPV,UnitedStates,Five33Switchback,2021/06/24
73.355,MarianFPV,Poland,TBSSpec,2021/03/26
73.391,Mroowa,Poland,TBSSpec,2021/03/25
73.407,alvaritono55,Spain,TBSSpec,2021/03/25
73.905,JuhtiPuhti,Finland,TBSSpec,2021/03/25
74.331,slick_fpv,UnitedStates,Ossa,2021/04/03
74.713,CALFPV,Germany,Five33Switchback,2021/04/07
74.722,IonFPV,India,TBSSpec,2021/10/16
75.039,MiG29,UnitedKingdom,TBSSpec,2021/03/29
75.048,jM_45,Latvia,Five33Switchback,2021/10/03
75.252,HQBatuFPV,Germany,TBSSpec,2021/03/25
75.442,ETERNAL☆Star23467,Germany,TBSSpec,2021/05/06
76.005,Falke_PV,Germany,TBSSpec,2021/03/25
76.224,Deviled90,Italy,Five33Switchback,2021/03/30
76.321,Aleksi15,Finland,TBSSpec,2021/03/25
76.429,mv,Estonia,TBSSpec,2021/03/25
76.505,BARONGFPV,Italy,TBSSpec,2021/03/26
76.587,Eagle_FPV,Turkey,TBSSpec,2021/03/28
76.671,MX_BIGRAMON,Germany,TBSSpec,2021/04/08
76.716,Smurf47akaUlrik,Denmark,TBSSpec,2021/03/25
76.782,TFSElomakin,Unknown,TBSSpec,2021/03/25
76.930,BlueWolfTFS,Poland,TBSSpec,2021/03/25
77.103,Ryżu,Poland,Five33Switchback,2021/04/06
77.682,PandaROLL3D,UnitedStates,TBSSpec,2021/03/27
77.706,SOMi,Hungary,TBSSpec,2021/03/26
77.833,TCLegoCloneNo1,UnitedKingdom,TBSSpec,2021/03/25
78.217,loufpv,UnitedStates,Five33Switchback,2021/04/02
78.304,Guile,Singapore,TBSSpec,2021/03/25
78.736,BearmanFPV,UnitedKingdom,TBSSpec,2021/03/25
78.829,Bashikami,Italy,TBSSpec,2021/03/25
78.832,baraktal,Israel,TBSSpec,2021/04/02
79.040,TriBull,UnitedKingdom,TBSSpec,2021/09/15
79.211,RIVALSGMoney,UnitedStates,CarbiXZero,2021/04/06
79.571,saft57,Sweden,TBSSpec,2021/03/25
79.573,TFFYCryson,Germany,TBSSpec,2021/03/25
79.735,AliB㋡,UnitedKingdom,TBSSpec,2021/03/25
79.938,YAWESOME,UnitedStates,TBSSpec,2021/03/31
80.023,KOCFPV,Turkey,TBSSpec,2021/03/25
80.109,M4TTFPV,UnitedKingdom,TBSSpec,2021/03/25
80.461,skAt,France,TBSSpec,2021/05/02
80.949,SzeryfxD,Poland,TBSSpec,2021/04/06
81.713,Darksilver,Canada,TBSSpec,2021/03/30
82.050,TCNMGrower,UnitedStates,TBSSpec,2021/04/06
82.136,j4y,UnitedStates,TBSSpec,2021/10/09
82.140,OrangutanFPV,UnitedKingdom,TBSSpec,2021/03/25
82.188,Snowyeti,Norway,TBSSpec,2021/03/25
82.424,GoldenFpv,Israel,Five33Switchback,2022/04/08
82.567,Gromozeka,RussianFederation,TBSSpec,2021/03/25
83.103,Warp9,UnitedStates,Five33Switchback,2021/10/14
83.627,mcrakus,Poland,TBSSpec,2021/03/25
83.705,stogie,UnitedStates,Five33Switchback,2021/08/23
83.744,RipDaLip,Germany,TBSSpec,2021/11/10
84.509,AronHall,Iceland,TBSSpec,2021/04/04
85.830,DeMoNse3d,Mexico,TBSSpec,2021/03/28
86.234,MattiZ,Germany,Five33Switchback,2021/05/02
86.512,MattMaxx,UnitedStates,CarbiXZero,2021/03/30
86.536,Lenalambi,Sweden,TBSSpec,2021/03/25
87.447,TrollFPV,Norway,TBSSpec,2021/03/25
87.736,BatmanFPV,UnitedKingdom,TBSSpec,2021/03/25
87.945,Nitrotoker,UnitedStates,TBSSpec,2021/04/15
88.062,Eugy01_Overpass,RussianFederation,TBSSpec,2021/03/25
88.449,KarachoFPV,Austria,Five33Switchback,2021/03/27
88.498,DAFFPV,Sweden,TBSSpec,2021/04/15
88.894,fpv_tempest,Finland,TBSSpec,2022/03/29
89.063,Baton,RussianFederation,TBSSpec,2021/03/25
89.933,fape,Hungary,TBSSpec,2021/03/26
90.053,GPW,France,Five33Switchback,2021/04/13
90.441,Bree,France,Five33Switchback,2022/04/07
90.464,RaceRat,UnitedKingdom,TBSSpec,2021/04/01
91.725,VaQio,Finland,TBSSpec,2022/03/16
92.089,MegaHurts,UnitedStates,TBSSpec,2021/03/26
92.616,喜洋洋,UnitedKingdom,Five33Switchback,2021/12/17
92.734,LeslieCamarena(LaBeba),UnitedStates,TBSSpec,2021/03/31
92.749,Plaukuotasis,Unknown,TBSSpec,2021/03/27
93.023,DorukFPV,Turkey,TBSSpec,2021/03/25
93.206,FrankyFPV60hz,Spain,Five33Switchback,2021/04/05
93.243,SIMRaiToR,Germany,TBSSpec,2021/11/10
93.342,MakoPL,Poland,TBSSpec,2021/04/06
94.072,Gafannen,Slovakia,Five33Switchback,2021/04/02
94.209,patrikfpv,CzechRepublic,Five33Switchback,2021/04/19
94.382,KiloFoxtrot,UnitedStates,TBSSpec,2021/05/04
94.821,ibor24,Switzerland,TBSSpec,2021/11/07
94.829,Lexa_S_Overpass,RussianFederation,TBSSpec,2021/03/25
95.285,RESCH_FPV,UnitedKingdom,TBSOblivion,2021/04/08
96.697,LukeS,Germany,Five33Switchback,2021/04/04
97.249,intent2bhuman,UnitedStates,TBSSpec,2021/03/30
97.497,Flyboy2009,UnitedStates,TBSSpec,2021/03/25
97.729,Shavito,Israel,TBSSpec,2021/06/29
97.815,AdamWu,China,Five33Switchback,2021/03/28
97.882,SanderPuh,Netherlands,Five33Switchback,2021/03/26
98.002,Astarte,Poland,TBSSpec,2021/03/25
98.100,HQ_JFurn,UnitedStates,TBSSpec,2021/04/07
98.296,dawen,Germany,TBSSpec,2021/03/25
98.332,Totimom,Sweden,CarbiXZero,2021/04/08
98.385,XB₸ЯIИ✘,France,Five33Switchback,2021/03/28
98.745,CerbAirus,Germany,TBSSpec,2021/04/11
98.818,GarnChef,Germany,Five33Switchback,2021/04/02
99.317,JubFPV,Canada,Five33Switchback,2021/03/27
99.417,DRKfpv,France,Five33Switchback,2021/04/08
99.828,LOSLobo,Hungary,TBSSpec,2021/03/25
99.880,NelsonFpv,Ireland,Five33Switchback,2021/06/16
100.371,Bercik11palcow,Poland,Five33Switchback,2022/01/01
100.530,ClkFpv,Turkey,KareareaTalon,2021/04/06
100.656,Kwadratic,UnitedKingdom,TBSSpec,2021/03/26
100.916,doggz,Canada,TBSOblivion,2021/03/26
101.712,KLARFON,Bulgaria,TBSSpec,2021/03/25
101.795,knighthawk,UnitedKingdom,TBSSpec,2021/06/28
101.914,RoflcopterStL,UnitedStates,TBSSpec,2021/10/15
102.327,Tomeroni,Hungary,TBSSpec,2021/03/29
102.610,2dogrc,UnitedStates,TBSSpec,2021/05/03
102.714,logicfpv,CostaRica,TBSVendetta,2021/07/09
102.832,PantherFPV,Turkey,TBSSpec,2021/03/25
103.196,Carcara_FPV,UnitedKingdom,TBSSpec,2021/03/28
103.834,DayLightFPV,UnitedStates,TBSSpec,2021/03/30
103.999,Lucky22,UnitedStates,Five33Switchback,2022/01/11
104.963,jiffynutbutter,UnitedStates,Rooster,2021/04/30
105.040,JWREN,UnitedKingdom,TBSSpec,2021/04/05
105.596,frteskesc,Germany,Five33Switchback,2021/03/26
105.876,REZolution,UnitedStates,Five33Switchback,2021/03/28
106.281,StonxiiFPV,Australia,Five33Switchback,2021/12/24
107.173,Mikisuluk,Denmark,Five33Switchback,2021/06/26
107.874,izis,CzechRepublic,TBSSpec,2021/05/24
107.893,MioElGato,Unknown,TBSSpec,2021/03/25
107.972,PepFPV,France,TBSSpec,2021/03/25
108.281,NiicoFPV,UnitedKingdom,TBSSpec,2021/03/25
109.467,Brombeer,Netherlands,Five33Switchback,2021/03/26
109.731,XTKFPV,UnitedStates,PandaCavity,2021/12/17
110.534,endoplasMa,Colombia,BMSJS-1,2021/04/06
111.030,MoFPV!,UnitedStates,CarbiXZero,2022/04/03
111.061,dyk0n,UnitedStates,Five33Switchback,2021/04/06
111.066,JWWFPV,UnitedStates,Five33Switchback,2021/04/06
111.195,Airftis,UnitedKingdom,AttoFPVPhoton,2021/08/21
111.221,SpencerDfpv,UnitedStates,TBSSpec,2021/05/17
111.785,BTLE,UnitedKingdom,Five33Switchback,2021/06/17
112.529,ChainsawFPV,UnitedStates,Five33Switchback,2021/03/29
112.575,vafalls,Sweden,TBSSpec,2021/03/25
112.855,Raptor43,UnitedStates,Five33Switchback,2021/05/27
113.480,nAdibFPV,Switzerland,ArmattanChameleon,2021/03/28
115.263,NotSure,UnitedKingdom,Five33Switchback,2021/04/06
115.574,GrOiLL,Germany,Five33Switchback,2021/04/03
115.741,Wyldeone,UnitedKingdom,PandaCavity,2021/04/05
116.947,Torniro,France,TBSSpec,2021/04/12
116.968,Rocket,Canada,Five33Switchback,2022/02/16
117.909,Moto,Australia,Five33Switchback,2021/05/08
117.928,FoggyMindedFPV,UnitedStates,Yakuza,2021/04/05
118.182,YCKFPV,China,Five33Switchback,2021/05/25
118.630,fpvsensei,UnitedStates,TBSSpec,2021/07/09
118.648,ad_movie,Poland,Five33Switchback,2021/07/28
118.773,SilverFoxUK,UnitedKingdom,TBSSpec,2021/04/03
119.636,JemsFpv,France,Five33Switchback,2021/04/01
120.283,GoRiZ,Lithuania,TBSSpec,2021/03/25
120.506,ANZPO,UnitedStates,TBSSpec,2021/10/20
120.586,SZYSZA,Poland,TBSSpec,2021/03/30
120.648,ForkMaster,Latvia,Five33Switchback,2021/03/31
120.670,MS38,Italy,Five33Switchback,2021/09/22
122.203,thiiron,Finland,TBSSpec,2021/10/14
122.438,Simaland013,UnitedKingdom,Mode2Ghost,2021/10/20
122.848,RedXFpv,UnitedStates,TBSSpec,2022/01/04
122.859,bonfpv,HongKong,Five33Switchback,2021/05/02
123.021,ne0,Sweden,TBSSpec,2021/03/25
123.297,MaxMarvelous,UnitedStates,RotorEvolutionX1,2021/04/01
123.365,jorcor,Spain,LilBastard,2021/04/13
123.711,kimtendo⁶⁴,Germany,TBSSpec,2021/09/04
124.209,BubbyFPV,UnitedStates,TBSSpec,2022/01/04
124.411,Musilex,Brazil,Five33Switchback,2021/05/30
124.590,S1mppa,Finland,TBSSpec,2021/04/03
124.647,FineV,UnitedStates,Five33Switchback,2021/06/14
124.912,CtrlAltFred,SouthAfrica,Five33Switchback,2022/03/16
125.708,Borginson,Poland,CarbiXZero,2021/04/04
126.223,anacond,Romania,Five33Switchback,2021/06/12
126.493,yrrbay,UnitedKingdom,SingularitumV5,2021/04/05
